{"cameraMode":{"drawMode":0,"name":"Shaded","section":"Shading Mode"},"sceneLighting":false,"audioPlay":false,"sceneViewState":{"showFog":true,"showMaterialUpdate":false,"showSkybox":true,"showFlares":true,"showImageEffects":true,"showParticleSystems":true},"in2DMode":false,"pivot":{"x":-1.5085647106170655,"y":4.558094501495361,"z":0.0},"rotation":{"x":-0.19972027838230134,"y":0.20749925076961518,"z":-0.043319977819919589,"w":-0.9566500782966614},"size":6.803123950958252,"orthographic":false}