{"cameraMode":{"drawMode":0,"name":"Shaded","section":"Shading Mode"},"sceneLighting":true,"audioPlay":false,"sceneViewState":{"showFog":true,"showMaterialUpdate":false,"showSkybox":true,"showFlares":true,"showImageEffects":true,"showParticleSystems":true},"in2DMode":false,"pivot":{"x":0.6999969482421875,"y":80.08000183105469,"z":-6.919899940490723},"rotation":{"x":0.04995865002274513,"y":-0.028664184734225274,"z":0.0014342858921736479,"w":0.9983388781547546},"size":278.1396179199219,"orthographic":true}