{"cameraMode":{"drawMode":0,"name":"Shaded","section":"Shading Mode"},"sceneLighting":false,"audioPlay":false,"sceneViewState":{"showFog":true,"showMaterialUpdate":false,"showSkybox":true,"showFlares":true,"showImageEffects":true,"showParticleSystems":true},"in2DMode":false,"pivot":{"x":-0.63838791847229,"y":-0.16957193613052369,"z":-0.1460147500038147},"rotation":{"x":-0.1162334755063057,"y":0.007246956694871187,"z":-0.0008481855620630086,"w":-0.993195116519928},"size":3.1233608722686769,"orthographic":false}