{"cameraMode":{"drawMode":0,"name":"Shaded","section":"Shading Mode"},"sceneLighting":true,"audioPlay":false,"sceneViewState":{"showFog":true,"showMaterialUpdate":false,"showSkybox":true,"showFlares":true,"showImageEffects":true,"showParticleSystems":true},"in2DMode":false,"pivot":{"x":0.6999969482421875,"y":80.08000183105469,"z":-9.5},"rotation":{"x":0.02949788048863411,"y":0.1813056617975235,"z":-0.00544060580432415,"w":0.9829692840576172},"size":277.55413818359377,"orthographic":true}