{"cameraMode":{"drawMode":0,"name":"Shaded","section":"Shading Mode"},"sceneLighting":false,"audioPlay":false,"sceneViewState":{"showFog":true,"showMaterialUpdate":false,"showSkybox":true,"showFlares":true,"showImageEffects":true,"showParticleSystems":true},"in2DMode":false,"pivot":{"x":-2.118776798248291,"y":-3.9675488471984865,"z":3.7147154808044435},"rotation":{"x":-0.010850836522877217,"y":-0.9558184146881104,"z":-0.03556377813220024,"w":0.2915966808795929},"size":9.205904006958008,"orthographic":false}