{"cameraMode":{"drawMode":0,"name":"Shaded","section":"Shading Mode"},"sceneLighting":false,"audioPlay":false,"sceneViewState":{"showFog":true,"showMaterialUpdate":false,"showSkybox":true,"showFlares":true,"showImageEffects":true,"showParticleSystems":true},"in2DMode":false,"pivot":{"x":2.819999933242798,"y":1.1100000143051148,"z":0.0},"rotation":{"x":0.04665498062968254,"y":0.028063589707016946,"z":0.0013114481698721648,"w":-0.9985159635543823},"size":4.0480732917785648,"orthographic":false}