{"cameraMode":{"drawMode":0,"name":"Shaded","section":"Shading Mode"},"sceneLighting":true,"audioPlay":false,"sceneViewState":{"showFog":true,"showMaterialUpdate":false,"showSkybox":true,"showFlares":true,"showImageEffects":true,"showParticleSystems":true},"in2DMode":false,"pivot":{"x":3.6225061416625978,"y":6.905871391296387,"z":-5.924603462219238},"rotation":{"x":0.014998828060925007,"y":-0.008998570032417775,"z":-0.00013502368528861552,"w":-0.9998470544815064},"size":14.603985786437989,"orthographic":false}