{"cameraMode":{"drawMode":0,"name":"Shaded","section":"Shading Mode"},"sceneLighting":false,"audioPlay":false,"sceneViewState":{"showFog":true,"showMaterialUpdate":false,"showSkybox":true,"showFlares":true,"showImageEffects":true,"showParticleSystems":true},"in2DMode":false,"pivot":{"x":-0.25228381156921389,"y":0.541480541229248,"z":0.1933279037475586},"rotation":{"x":-0.13488660752773286,"y":0.012481133453547955,"z":-0.0016988428542390466,"w":-0.9907810091972351},"size":4.041658401489258,"orthographic":false}