{"cameraMode":{"drawMode":0,"name":"Shaded","section":"Shading Mode"},"sceneLighting":false,"audioPlay":false,"sceneViewState":{"showFog":true,"showMaterialUpdate":false,"showSkybox":true,"showFlares":true,"showImageEffects":true,"showParticleSystems":true},"in2DMode":false,"pivot":{"x":0.00018018856644630432,"y":-0.02575315535068512,"z":-0.007142186164855957},"rotation":{"x":-0.012305187061429024,"y":0.026091940701007844,"z":-0.0003208858543075621,"w":-0.9995837807655335},"size":2.0163748264312746,"orthographic":false}