{"cameraMode":{"drawMode":0,"name":"Shaded","section":"Shading Mode"},"sceneLighting":false,"audioPlay":false,"sceneViewState":{"showFog":true,"showMaterialUpdate":false,"showSkybox":true,"showFlares":true,"showImageEffects":true,"showParticleSystems":true},"in2DMode":false,"pivot":{"x":-0.046540260314941409,"y":-0.35765957832336428,"z":0.0987844467163086},"rotation":{"x":-0.027289148420095445,"y":-0.03538215160369873,"z":0.0009665098623372614,"w":-0.9990007281303406},"size":4.545234203338623,"orthographic":false}