{"cameraMode":{"drawMode":0,"name":"Shaded","section":"Shading Mode"},"sceneLighting":false,"audioPlay":false,"sceneViewState":{"showFog":true,"showMaterialUpdate":false,"showSkybox":true,"showFlares":true,"showImageEffects":true,"showParticleSystems":true},"in2DMode":false,"pivot":{"x":-3.799999952316284,"y":-0.03760826587677002,"z":0.0},"rotation":{"x":-0.027289148420095445,"y":-0.03538215160369873,"z":0.0009665098623372614,"w":-0.9990007281303406},"size":5.129319667816162,"orthographic":false}