{"cameraMode":{"drawMode":0,"name":"Shaded","section":"Shading Mode"},"sceneLighting":true,"audioPlay":false,"sceneViewState":{"showFog":true,"showMaterialUpdate":false,"showSkybox":true,"showFlares":true,"showImageEffects":true,"showParticleSystems":true},"in2DMode":false,"pivot":{"x":-0.6679721474647522,"y":0.6182765960693359,"z":-0.5846466422080994},"rotation":{"x":-0.027289148420095445,"y":-0.03538215160369873,"z":0.0009665098623372614,"w":-0.9990007281303406},"size":7.719181537628174,"orthographic":false}