{"cameraMode":{"drawMode":0,"name":"Shaded","section":"Shading Mode"},"sceneLighting":true,"audioPlay":false,"sceneViewState":{"showFog":true,"showMaterialUpdate":false,"showSkybox":true,"showFlares":true,"showImageEffects":true,"showParticleSystems":true},"in2DMode":false,"pivot":{"x":0.4947666823863983,"y":1.7811365127563477,"z":0.12774348258972169},"rotation":{"x":-0.03479965403676033,"y":-0.01289464719593525,"z":0.00044899265049025416,"w":-0.999311089515686},"size":41.990909576416019,"orthographic":true}