{"cameraMode":{"drawMode":0,"name":"Shaded","section":"Shading Mode"},"sceneLighting":true,"audioPlay":false,"sceneViewState":{"showFog":true,"showMaterialUpdate":false,"showSkybox":true,"showFlares":true,"showImageEffects":true,"showParticleSystems":true},"in2DMode":false,"pivot":{"x":-6.626057147979736,"y":5.514667510986328,"z":0.015625},"rotation":{"x":0.007499896455556154,"y":-0.0029999115504324438,"z":-0.000022499760234495625,"w":-0.9999673962593079},"size":25.355609893798829,"orthographic":true}