{"cameraMode":{"drawMode":0,"name":"Shaded","section":"Shading Mode"},"sceneLighting":true,"audioPlay":false,"sceneViewState":{"showFog":true,"showMaterialUpdate":false,"showSkybox":true,"showFlares":true,"showImageEffects":true,"showParticleSystems":true},"in2DMode":false,"pivot":{"x":17.33574676513672,"y":1.1434106826782227,"z":0.0627758651971817},"rotation":{"x":-0.09315776079893112,"y":-0.018819525837898256,"z":0.0017610873328521848,"w":-0.9954719543457031},"size":33.86901092529297,"orthographic":false}