{"cameraMode":{"drawMode":0,"name":"Shaded","section":"Shading Mode"},"sceneLighting":true,"audioPlay":false,"sceneViewState":{"showFog":true,"showMaterialUpdate":false,"showSkybox":true,"showFlares":true,"showImageEffects":true,"showParticleSystems":true},"in2DMode":false,"pivot":{"x":-0.30821895599365237,"y":0.6553068161010742,"z":-0.8527660369873047},"rotation":{"x":-0.210078626871109,"y":-0.2960696518421173,"z":0.06692417711019516,"w":-0.9293712973594666},"size":4.904924392700195,"orthographic":false}