{"cameraMode":{"drawMode":0,"name":"Shaded","section":"Shading Mode"},"sceneLighting":true,"audioPlay":false,"sceneViewState":{"showFog":true,"showMaterialUpdate":false,"showSkybox":true,"showFlares":true,"showImageEffects":true,"showParticleSystems":true},"in2DMode":false,"pivot":{"x":18.900001525878908,"y":11.0,"z":-1.998106837272644},"rotation":{"x":-0.18871408700942994,"y":0.09762796759605408,"z":-0.018857847899198533,"w":-0.9769852161407471},"size":116.39447784423828,"orthographic":false}