{"cameraMode":{"drawMode":0,"name":"Shaded","section":"Shading Mode"},"sceneLighting":true,"audioPlay":false,"sceneViewState":{"showFog":true,"showMaterialUpdate":false,"showSkybox":true,"showFlares":true,"showImageEffects":true,"showParticleSystems":true},"in2DMode":false,"pivot":{"x":-0.006385862827301025,"y":-2.673051595687866,"z":-0.002382993698120117},"rotation":{"x":-0.010850836522877217,"y":-0.9558184146881104,"z":-0.03556377813220024,"w":0.2915966808795929},"size":3.187831163406372,"orthographic":false}