{"cameraMode":{"drawMode":0,"name":"Shaded","section":"Shading Mode"},"sceneLighting":false,"audioPlay":false,"sceneViewState":{"showFog":true,"showMaterialUpdate":false,"showSkybox":true,"showFlares":true,"showImageEffects":true,"showParticleSystems":true},"in2DMode":false,"pivot":{"x":-3.4362809658050539,"y":17.24966049194336,"z":30.230785369873048},"rotation":{"x":0.00001547266037960071,"y":-0.9999673366546631,"z":0.007809176575392485,"w":0.0021056144032627346},"size":2.8578836917877199,"orthographic":false}