{"cameraMode":{"drawMode":0,"name":"Shaded","section":"Shading Mode"},"sceneLighting":false,"audioPlay":false,"sceneViewState":{"showFog":true,"showMaterialUpdate":false,"showSkybox":true,"showFlares":true,"showImageEffects":true,"showParticleSystems":true},"in2DMode":false,"pivot":{"x":0.061768315732479098,"y":4.858579635620117,"z":-0.00821332074701786},"rotation":{"x":0.016247497871518136,"y":-0.9821443557739258,"z":0.15780213475227357,"w":0.10112891346216202},"size":4.7058515548706059,"orthographic":false}