{"cameraMode":{"drawMode":0,"name":"Shaded","section":"Shading Mode"},"sceneLighting":false,"audioPlay":false,"sceneViewState":{"showFog":true,"showMaterialUpdate":false,"showSkybox":true,"showFlares":true,"showImageEffects":true,"showParticleSystems":true},"in2DMode":false,"pivot":{"x":-2.8482308387756349,"y":-2.0695385932922365,"z":5.193658828735352},"rotation":{"x":-0.010850836522877217,"y":-0.9558184146881104,"z":-0.03556377813220024,"w":0.2915966808795929},"size":10.773993492126465,"orthographic":false}